question_name,difficulty,llm_code_creation_time,total_tokens,cost_prompt,judge_predict,execution_time,AC,WA,RE,TLE,CE,total_test_cases
Arquivos,Médio,1.2672028689994477,732,0.003364,AC,0.0783513760006826,32,0,0,0,0,32
Capitais,Difícil,2.647362016000443,1076,0.006302,WA,0.2022866010001962,15,23,0,0,0,38
Acelerador de Partículas,Fácil,2.5777568380008233,1780,0.00438,AC,0.05193164899992553,39,0,0,0,0,39
Álbum de fotos,Médio,2.2500637470002403,2021,0.006552,AC,0.08129059499970026,57,0,0,0,0,57
Amigos,Médio,7.016153350999957,5377,0.014404,WA,0.14177826500053925,10,42,0,0,0,52
Brigadeiros,Difícil,3.7647415440005716,5278,0.016315999999999997,RE,0.8043911370004935,0,0,67,0,0,67
Jogo dos Pinos,Fácil,3.3833802080007445,4298,0.011466,AC,0.026733420000709884,16,0,0,0,0,16
Tesouro,Médio,2.9198974399996587,4851,0.013402,AC,0.19585173799987388,54,0,0,0,0,54
