question_name,difficulty,llm_code_creation_time,total_tokens,cost_prompt,judge_predict,execution_time,AC,WA,RE,TLE,CE,total_test_cases
Acelerador de Partículas,Fácil,1.9428349830004663,1321,0.003522,AC,0.059261229999719944,39,0,0,0,0,39
Álbum de fotos,Médio,2.141329875000338,1599,0.006188,AC,0.11437281199960125,57,0,0,0,0,57
Amigos,Médio,6.744467886999701,2929,0.011528,WA,0.11848526599987963,10,42,0,0,0,52
Brigadeiros,Difícil,3.555656426000496,3109,0.016478,TLE,15.0,46,0,0,21,0,67
Jogo dos Pinos,Fácil,1.8057933439995395,1713,0.006736,AC,0.040461678000610846,16,0,0,0,0,16
Tesouro,Médio,1.8246728489993984,2249,0.007998,AC,0.23702112000046327,54,0,0,0,0,54
